Alcove,Albany
Altamont,Albany
Berne,Albany
Clarksville,Albany
Coeymans,Albany
Coeymans Hollow,Albany
Cohoes,Albany
Delmar,Albany
Dormansville,Albany
East Berne,Albany
Feura Bush,Albany
Glenmont,Albany
Guilderland,Albany
Guilderland Center,Albany
Knox,Albany
Latham,Albany
Medusa,Albany
Newtonville,Albany
Ravena,Albany
Rensselaerville,Albany
Selkirk,Albany
Slingerlands,Albany
South Bethlehem,Albany
Troy,Albany
Voorheesville,Albany
Watervliet,Albany
Westerlo,Albany
Albany,Albany
Albany,Albany
Albany,Albany
Albany,Albany
Albany,Albany
Albany,Albany
Albany,Albany
Albany,Albany
Albany,Albany
Albany,Albany
Albany,Albany
Albany,Albany
Albany,Albany
Albany,Albany
Albany,Albany
Albany,Albany
Albany,Albany
Albany,Albany
Albany,Albany
Albany,Albany
Albany,Albany
Albany,Albany
Albany,Albany
Albany,Albany
Albany,Albany
Albany,Albany
Albany,Albany
Albany,Albany
Albany,Albany
Albany,Albany
Albany,Albany
Albany,Albany
Albany,Albany
Albany,Albany
Albany,Albany
Albany,Albany
Albany,Albany
Albany,Albany
Albany,Albany
Albany,Albany
Albany,Albany
Albany,Albany
Albany,Albany
Albany,Albany
Albany,Albany
Albany,Albany
Albany,Albany
Albany,Albany
Albany,Albany
Albany,Albany
Preston Hollow,Albany
Centerville,Allegany
Allentown,Allegany
Alma,Allegany
Angelica,Allegany
Belfast,Allegany
Black Creek,Allegany
Bolivar,Allegany
Caneadea,Allegany
Ceres,Allegany
Cuba,Allegany
Fillmore,Allegany
Friendship,Allegany
Houghton,Allegany
Hume,Allegany
Little Genesee,Allegany
Richburg,Allegany
Rushford,Allegany
West Clarksville,Allegany
Alfred,Allegany
Alfred Station,Allegany
Almond,Allegany
Andover,Allegany
Belmont,Allegany
Canaseraga,Allegany
Scio,Allegany
Swain,Allegany
Wellsville,Allegany
Whitesville,Allegany
Bronx,Bronx
Bronx,Bronx
Bronx,Bronx
Bronx,Bronx
Bronx,Bronx
Bronx,Bronx
Bronx,Bronx
Bronx,Bronx
Bronx,Bronx
Bronx,Bronx
Bronx,Bronx
Bronx,Bronx
Bronx,Bronx
Bronx,Bronx
Bronx,Bronx
Bronx,Bronx
Bronx,Bronx
Bronx,Bronx
Bronx,Bronx
Bronx,Bronx
Bronx,Bronx
Bronx,Bronx
Bronx,Bronx
Bronx,Bronx
Bronx,Bronx
Bible School Park,Broome
Castle Creek,Broome
Chenango Bridge,Broome
Chenango Forks,Broome
Conklin,Broome
Corbettsville,Broome
Deposit,Broome
Endicott,Broome
Endicott,Broome
Endwell,Broome
Endicott,Broome
Glen Aubrey,Broome
Harpursville,Broome
Johnson City,Broome
Killawog,Broome
Kirkwood,Broome
Lisle,Broome
Maine,Broome
Nineveh,Broome
Ouaquaga,Broome
Port Crane,Broome
Tunnel,Broome
Vestal,Broome
Vestal,Broome
Whitney Point,Broome
Windsor,Broome
Binghamton,Broome
Binghamton,Broome
Binghamton,Broome
Binghamton,Broome
Binghamton,Broome
Dayton,Cattaraugus
Delevan,Cattaraugus
Farmersville Station,Cattaraugus
Freedom,Cattaraugus
Gowanda,Cattaraugus
Machias,Cattaraugus
Perrysburg,Cattaraugus
Sandusky,Cattaraugus
South Dayton,Cattaraugus
Versailles,Cattaraugus
West Valley,Cattaraugus
Yorkshire,Cattaraugus
Allegany,Cattaraugus
Cattaraugus,Cattaraugus
Conewango Valley,Cattaraugus
East Otto,Cattaraugus
East Randolph,Cattaraugus
Ellicottville,Cattaraugus
Franklinville,Cattaraugus
Great Valley,Cattaraugus
Hinsdale,Cattaraugus
Kill Buck,Cattaraugus
Leon,Cattaraugus
Limestone,Cattaraugus
Little Valley,Cattaraugus
Olean,Cattaraugus
Otto,Cattaraugus
Portville,Cattaraugus
Randolph,Cattaraugus
Saint Bonaventure,Cattaraugus
Salamanca,Cattaraugus
Steamburg,Cattaraugus
Westons Mills,Cattaraugus
Auburn,Cayuga
Auburn,Cayuga
Auburn,Cayuga
Aurora,Cayuga
Cato,Cayuga
Cayuga,Cayuga
Genoa,Cayuga
King Ferry,Cayuga
Locke,Cayuga
Martville,Cayuga
Meridian,Cayuga
Montezuma,Cayuga
Moravia,Cayuga
Poplar Ridge,Cayuga
Port Byron,Cayuga
Scipio Center,Cayuga
Sterling,Cayuga
Union Springs,Cayuga
Weedsport,Cayuga
Dunkirk,Chautauqua
Forestville,Chautauqua
Fredonia,Chautauqua
Irving,Chautauqua
Sheridan,Chautauqua
Silver Creek,Chautauqua
Van Buren Point,Chautauqua
Jamestown,Chautauqua
Jamestown,Chautauqua
Ashville,Chautauqua
Bemus Point,Chautauqua
Brocton,Chautauqua
Cassadaga,Chautauqua
Celoron,Chautauqua
Chautauqua,Chautauqua
Cherry Creek,Chautauqua
Clymer,Chautauqua
Dewittville,Chautauqua
Ellington,Chautauqua
Falconer,Chautauqua
Findley Lake,Chautauqua
Frewsburg,Chautauqua
Gerry,Chautauqua
Greenhurst,Chautauqua
Kennedy,Chautauqua
Lakewood,Chautauqua
Lily Dale,Chautauqua
Maple Springs,Chautauqua
Mayville,Chautauqua
Niobe,Chautauqua
Panama,Chautauqua
Portland,Chautauqua
Ripley,Chautauqua
Sherman,Chautauqua
Sinclairville,Chautauqua
Stockton,Chautauqua
Stow,Chautauqua
Westfield,Chautauqua
Big Flats,Chemung
Breesport,Chemung
Chemung,Chemung
Erin,Chemung
Horseheads,Chemung
Lowman,Chemung
Millport,Chemung
Pine City,Chemung
Pine Valley,Chemung
Van Etten,Chemung
Wellsburg,Chemung
Elmira,Chemung
Elmira,Chemung
Elmira,Chemung
Elmira,Chemung
Elmira,Chemung
North Pitcher,Chenango
Pitcher,Chenango
South Otselic,Chenango
Earlville,Chenango
New Berlin,Chenango
Sherburne,Chenango
Smyrna,Chenango
Afton,Chenango
Bainbridge,Chenango
East Pharsalia,Chenango
Greene,Chenango
Guilford,Chenango
Mc Donough,Chenango
Mount Upton,Chenango
North Norwich,Chenango
Norwich,Chenango
Oxford,Chenango
Plymouth,Chenango
Smithville Flats,Chenango
South New Berlin,Chenango
South Plymouth,Chenango
Plattsburgh,Clinton
Plattsburgh,Clinton
Altona,Clinton
Keeseville,Clinton
Au Sable Forks,Clinton
Cadyville,Clinton
Champlain,Clinton
Chazy,Clinton
Churubusco,Clinton
Keeseville,Clinton
Dannemora,Clinton
Ellenburg,Clinton
Ellenburg Center,Clinton
Ellenburg Depot,Clinton
Lyon Mountain,Clinton
Lyon Mountain,Clinton
Mooers,Clinton
Mooers Forks,Clinton
Morrisonville,Clinton
Peru,Clinton
Redford,Clinton
Rouses Point,Clinton
Saranac,Clinton
Schuyler Falls,Clinton
West Chazy,Clinton
Austerlitz,Columbia
Canaan,Columbia
Chatham,Columbia
Columbiaville,Columbia
East Chatham,Columbia
Ghent,Columbia
Kinderhook,Columbia
Malden Bridge,Columbia
New Lebanon,Columbia
Niverville,Columbia
North Chatham,Columbia
Old Chatham,Columbia
Spencertown,Columbia
Stottville,Columbia
Stuyvesant,Columbia
Stuyvesant Falls,Columbia
Valatie,Columbia
West Lebanon,Columbia
Ancram,Columbia
Ancramdale,Columbia
Claverack,Columbia
Copake,Columbia
Copake Falls,Columbia
Craryville,Columbia
Elizaville,Columbia
Germantown,Columbia
Hillsdale,Columbia
Hollowville,Columbia
Hudson,Columbia
Livingston,Columbia
Mellenville,Columbia
Philmont,Columbia
Cincinnatus,Cortland
Cortland,Cortland
East Homer,Cortland
Homer,Cortland
Little York,Cortland
Mc Graw,Cortland
Preble,Cortland
Truxton,Cortland
Blodgett Mills,Cortland
Harford,Cortland
Marathon,Cortland
Willet,Cortland
Stamford,Delaware
Arkville,Delaware
Denver,Delaware
Fleischmanns,Delaware
Grand Gorge,Delaware
Halcottsville,Delaware
Margaretville,Delaware
New Kingston,Delaware
Roxbury,Delaware
Andes,Delaware
Bloomville,Delaware
Bovina Center,Delaware
Davenport,Delaware
Davenport Center,Delaware
Delancey,Delaware
Delhi,Delaware
Downsville,Delaware
East Branch,Delaware
East Meredith,Delaware
Fishs Eddy,Delaware
Franklin,Delaware
Hamden,Delaware
Hancock,Delaware
Harpersfield,Delaware
Hobart,Delaware
Masonville,Delaware
Meridale,Delaware
Sidney,Delaware
Sidney Center,Delaware
South Kortright,Delaware
Treadwell,Delaware
Trout Creek,Delaware
Walton,Delaware
West Davenport,Delaware
Amenia,Dutchess
Annandale On Hudson,Dutchess
Bangall,Dutchess
Barrytown,Dutchess
Beacon,Dutchess
Billings,Dutchess
Castle Point,Dutchess
Chelsea,Dutchess
Clinton Corners,Dutchess
Dover Plains,Dutchess
Fishkill,Dutchess
Glenham,Dutchess
Holmes,Dutchess
Hopewell Junction,Dutchess
Hughsonville,Dutchess
Hyde Park,Dutchess
Lagrangeville,Dutchess
Millbrook,Dutchess
Millerton,Dutchess
Pawling,Dutchess
Pine Plains,Dutchess
Pleasant Valley,Dutchess
Poughquag,Dutchess
Red Hook,Dutchess
Rhinebeck,Dutchess
Rhinecliff,Dutchess
Salt Point,Dutchess
Staatsburg,Dutchess
Stanfordville,Dutchess
Stormville,Dutchess
Tivoli,Dutchess
Verbank,Dutchess
Wappingers Falls,Dutchess
Wassaic,Dutchess
Wingdale,Dutchess
Poughkeepsie,Dutchess
Poughkeepsie,Dutchess
Poughkeepsie,Dutchess
Poughkeepsie,Dutchess
Akron,Erie
Alden,Erie
Angola,Erie
Athol Springs,Erie
Boston,Erie
Bowmansville,Erie
Brant,Erie
Chaffee,Erie
Clarence,Erie
Clarence Center,Erie
Colden,Erie
Collins,Erie
Collins Center,Erie
Crittenden,Erie
Depew,Erie
Derby,Erie
East Amherst,Erie
East Aurora,Erie
East Concord,Erie
Eden,Erie
Elma,Erie
Farnham,Erie
Getzville,Erie
Glenwood,Erie
Grand Island,Erie
Hamburg,Erie
Holland,Erie
Lake View,Erie
Lancaster,Erie
Lawtons,Erie
Marilla,Erie
North Boston,Erie
North Collins,Erie
North Evans,Erie
Orchard Park,Erie
Sardinia,Erie
South Wales,Erie
Spring Brook,Erie
Springville,Erie
Tonawanda,Erie
Tonawanda,Erie
Wales Center,Erie
West Falls,Erie
Buffalo,Erie
Buffalo,Erie
Buffalo,Erie
Buffalo,Erie
Buffalo,Erie
Buffalo,Erie
Buffalo,Erie
Buffalo,Erie
Buffalo,Erie
Buffalo,Erie
Buffalo,Erie
Buffalo,Erie
Buffalo,Erie
Buffalo,Erie
Buffalo,Erie
Buffalo,Erie
Buffalo,Erie
Buffalo,Erie
Buffalo,Erie
Buffalo,Erie
Buffalo,Erie
Buffalo,Erie
Buffalo,Erie
Buffalo,Erie
Buffalo,Erie
Buffalo,Erie
Buffalo,Erie
Buffalo,Erie
Buffalo,Erie
Buffalo,Erie
Buffalo,Erie
Buffalo,Erie
Buffalo,Erie
Buffalo,Erie
Buffalo,Erie
Buffalo,Erie
Buffalo,Erie
Buffalo,Erie
Buffalo,Erie
Buffalo,Erie
Buffalo,Erie
Buffalo,Erie
Buffalo,Erie
Buffalo,Erie
Minerva,Essex
Newcomb,Essex
North Hudson,Essex
Olmstedville,Essex
Paradox,Essex
Schroon Lake,Essex
Severance,Essex
Newcomb,Essex
Ticonderoga,Essex
Bloomingdale,Essex
Crown Point,Essex
Elizabethtown,Essex
Essex,Essex
Jay,Essex
Keene,Essex
Keene Valley,Essex
Keeseville,Essex
Lake Placid,Essex
Lewis,Essex
Mineville,Essex
Moriah,Essex
Moriah Center,Essex
New Russia,Essex
Port Henry,Essex
Port Kent,Essex
Ray Brook,Essex
Upper Jay,Essex
Westport,Essex
Willsboro,Essex
Wilmington,Essex
Witherbee,Essex
Bombay,Franklin
Brainardsville,Franklin
Brushton,Franklin
Burke,Franklin
Chateaugay,Franklin
Constable,Franklin
Dickinson Center,Franklin
Fort Covington,Franklin
Gabriels,Franklin
Lake Clear,Franklin
Malone,Franklin
Moira,Franklin
North Bangor,Franklin
Owls Head,Franklin
Paul Smiths,Franklin
Rainbow Lake,Franklin
Saint Regis Falls,Franklin
Saranac Lake,Franklin
Tupper Lake,Franklin
Vermontville,Franklin
Whippleville,Franklin
Hogansburg,Franklin
Broadalbin,Fulton
Caroga Lake,Fulton
Gloversville,Fulton
Johnstown,Fulton
Mayfield,Fulton
Northville,Fulton
Stratford,Fulton
Alexander,Genesee
Basom,Genesee
Batavia,Genesee
Batavia,Genesee
Corfu,Genesee
Darien Center,Genesee
East Bethany,Genesee
East Pembroke,Genesee
Elba,Genesee
Oakfield,Genesee
Stafford,Genesee
Bergen,Genesee
Byron,Genesee
Le Roy,Genesee
Linwood,Genesee
Pavilion,Genesee
South Byron,Genesee
Athens,Greene
Climax,Greene
Coxsackie,Greene
Earlton,Greene
Greenville,Greene
Hannacroix,Greene
New Baltimore,Greene
Surprise,Greene
West Coxsackie,Greene
Acra,Greene
Ashland,Greene
Cairo,Greene
Catskill,Greene
Cornwallville,Greene
Durham,Greene
East Durham,Greene
East Jewett,Greene
Elka Park,Greene
Freehold,Greene
Haines Falls,Greene
Hensonville,Greene
Hunter,Greene
Jewett,Greene
Lanesville,Greene
Leeds,Greene
Lexington,Greene
Maplecrest,Greene
Oak Hill,Greene
Palenville,Greene
Prattsville,Greene
Purling,Greene
Round Top,Greene
South Cairo,Greene
Tannersville,Greene
West Kill,Greene
Windham,Greene
Lake Pleasant,Hamilton
Piseco,Hamilton
Speculator,Hamilton
Wells,Hamilton
Blue Mountain Lake,Hamilton
Indian Lake,Hamilton
Long Lake,Hamilton
Sabael,Hamilton
Hoffmeister,Hamilton
Inlet,Hamilton
Raquette Lake,Hamilton
Cold Brook,Herkimer
Dolgeville,Herkimer
Eagle Bay,Herkimer
Frankfort,Herkimer
Herkimer,Herkimer
Ilion,Herkimer
Jordanville,Herkimer
Little Falls,Herkimer
Middleville,Herkimer
Mohawk,Herkimer
Newport,Herkimer
Old Forge,Herkimer
Poland,Herkimer
Salisbury Center,Herkimer
Thendara,Herkimer
Van Hornesville,Herkimer
West Winfield,Herkimer
Watertown,Jefferson
Fort Drum,Jefferson
Watertown,Jefferson
Adams,Jefferson
Adams Center,Jefferson
Alexandria Bay,Jefferson
Antwerp,Jefferson
Belleville,Jefferson
Black River,Jefferson
Brownville,Jefferson
Calcium,Jefferson
Cape Vincent,Jefferson
Carthage,Jefferson
Chaumont,Jefferson
Clayton,Jefferson
Deferiet,Jefferson
Depauville,Jefferson
Dexter,Jefferson
Ellisburg,Jefferson
Evans Mills,Jefferson
Felts Mills,Jefferson
Wellesley Island,Jefferson
Fishers Landing,Jefferson
Great Bend,Jefferson
Henderson,Jefferson
Henderson Harbor,Jefferson
La Fargeville,Jefferson
Limerick,Jefferson
Lorraine,Jefferson
Mannsville,Jefferson
Natural Bridge,Jefferson
Oxbow,Jefferson
Philadelphia,Jefferson
Pierrepont Manor,Jefferson
Plessis,Jefferson
Redwood,Jefferson
Rodman,Jefferson
Sackets Harbor,Jefferson
Theresa,Jefferson
Thousand Island Park,Jefferson
Three Mile Bay,Jefferson
Brooklyn,Kings
Brooklyn,Kings
Brooklyn,Kings
Brooklyn,Kings
Brooklyn,Kings
Brooklyn,Kings
Brooklyn,Kings
Brooklyn,Kings
Brooklyn,Kings
Brooklyn,Kings
Brooklyn,Kings
Brooklyn,Kings
Brooklyn,Kings
Brooklyn,Kings
Brooklyn,Kings
Brooklyn,Kings
Brooklyn,Kings
Brooklyn,Kings
Brooklyn,Kings
Brooklyn,Kings
Brooklyn,Kings
Brooklyn,Kings
Brooklyn,Kings
Brooklyn,Kings
Brooklyn,Kings
Brooklyn,Kings
Brooklyn,Kings
Brooklyn,Kings
Brooklyn,Kings
Brooklyn,Kings
Brooklyn,Kings
Brooklyn,Kings
Brooklyn,Kings
Brooklyn,Kings
Brooklyn,Kings
Brooklyn,Kings
Brooklyn,Kings
Brooklyn,Kings
Brooklyn,Kings
Brooklyn,Kings
Brooklyn,Kings
Brooklyn,Kings
Brooklyn,Kings
Brooklyn,Kings
Brooklyn,Kings
Brooklyn,Kings
Brooklyn,Kings
Beaver Falls,Lewis
Brantingham,Lewis
Constableville,Lewis
Croghan,Lewis
Glenfield,Lewis
Greig,Lewis
Lowville,Lewis
Lyons Falls,Lewis
Martinsburg,Lewis
Port Leyden,Lewis
Turin,Lewis
West Leyden,Lewis
Castorland,Lewis
Copenhagen,Lewis
Deer River,Lewis
Denmark,Lewis
Harrisville,Lewis
Avon,Livingston
Caledonia,Livingston
Conesus,Livingston
Dansville,Livingston
Geneseo,Livingston
Groveland,Livingston
Hemlock,Livingston
Lakeville,Livingston
Leicester,Livingston
Lima,Livingston
Livonia,Livingston
Livonia Center,Livingston
Mount Morris,Livingston
Nunda,Livingston
Piffard,Livingston
Retsof,Livingston
Scottsburg,Livingston
Sonyea,Livingston
South Lima,Livingston
Springwater,Livingston
York,Livingston
Dalton,Livingston
Hunt,Livingston
Canastota,Madison
Cazenovia,Madison
Chittenango,Madison
Clockville,Madison
De Ruyter,Madison
Erieville,Madison
Georgetown,Madison
New Woodstock,Madison
Peterboro,Madison
Wampsville,Madison
Bouckville,Madison
Brookfield,Madison
Eaton,Madison
Hamilton,Madison
Hubbardsville,Madison
Leonardsville,Madison
Madison,Madison
Morrisville,Madison
Munnsville,Madison
North Brookfield,Madison
Oneida,Madison
Solsville,Madison
West Eaton,Madison
Adams Basin,Monroe
Brockport,Monroe
Churchville,Monroe
Clarkson,Monroe
East Rochester,Monroe
Fairport,Monroe
Hamlin,Monroe
Henrietta,Monroe
Hilton,Monroe
Honeoye Falls,Monroe
Mendon,Monroe
Mumford,Monroe
North Chili,Monroe
North Greece,Monroe
Penfield,Monroe
Pittsford,Monroe
Rush,Monroe
Scottsville,Monroe
Spencerport,Monroe
Webster,Monroe
West Henrietta,Monroe
Rochester,Monroe
Rochester,Monroe
Rochester,Monroe
Rochester,Monroe
Rochester,Monroe
Rochester,Monroe
Rochester,Monroe
Rochester,Monroe
Rochester,Monroe
Rochester,Monroe
Rochester,Monroe
Rochester,Monroe
Rochester,Monroe
Rochester,Monroe
Rochester,Monroe
Rochester,Monroe
Rochester,Monroe
Rochester,Monroe
Rochester,Monroe
Rochester,Monroe
Rochester,Monroe
Rochester,Monroe
Rochester,Monroe
Rochester,Monroe
Rochester,Monroe
Rochester,Monroe
Rochester,Monroe
Rochester,Monroe
Rochester,Monroe
Rochester,Monroe
Rochester,Monroe
Rochester,Monroe
Rochester,Monroe
Rochester,Monroe
Rochester,Monroe
Rochester,Monroe
Rochester,Monroe
Rochester,Monroe
Rochester,Monroe
Rochester,Monroe
Amsterdam,Montgomery
Auriesville,Montgomery
Esperance,Montgomery
Fonda,Montgomery
Fort Hunter,Montgomery
Fort Johnson,Montgomery
Fultonville,Montgomery
Hagaman,Montgomery
Sprakers,Montgomery
Tribes Hill,Montgomery
Canajoharie,Montgomery
Fort Plain,Montgomery
Nelliston,Montgomery
Palatine Bridge,Montgomery
Saint Johnsville,Montgomery
Floral Park,Nassau
Floral Park,Nassau
Elmont,Nassau
Franklin Square,Nassau
Great Neck,Nassau
Great Neck,Nassau
Great Neck,Nassau
Great Neck,Nassau
Great Neck,Nassau
Great Neck,Nassau
Great Neck,Nassau
Manhasset,Nassau
New Hyde Park,Nassau
New Hyde Park,Nassau
Port Washington,Nassau
Port Washington,Nassau
Port Washington,Nassau
Port Washington,Nassau
Port Washington,Nassau
Port Washington,Nassau
Inwood,Nassau
Mineola,Nassau
Albertson,Nassau
Atlantic Beach,Nassau
Baldwin,Nassau
Carle Place,Nassau
Cedarhurst,Nassau
East Rockaway,Nassau
Freeport,Nassau
Garden City,Nassau
Garden City,Nassau
Glen Cove,Nassau
Glen Head,Nassau
Glenwood Landing,Nassau
Greenvale,Nassau
Hempstead,Nassau
Hempstead,Nassau
Hempstead,Nassau
West Hempstead,Nassau
Uniondale,Nassau
East Meadow,Nassau
Uniondale,Nassau
Uniondale,Nassau
Hewlett,Nassau
Island Park,Nassau
Lawrence,Nassau
Locust Valley,Nassau
Long Beach,Nassau
Lynbrook,Nassau
Malverne,Nassau
Merrick,Nassau
Old Westbury,Nassau
Point Lookout,Nassau
Rockville Centre,Nassau
Rockville Centre,Nassau
Oceanside,Nassau
Roosevelt,Nassau
Roslyn,Nassau
Roslyn Heights,Nassau
Sea Cliff,Nassau
Valley Stream,Nassau
Valley Stream,Nassau
Valley Stream,Nassau
Westbury,Nassau
Williston Park,Nassau
Woodmere,Nassau
Garden City,Nassau
Bayville,Nassau
Bellmore,Nassau
Bethpage,Nassau
East Norwich,Nassau
Farmingdale,Nassau
Farmingdale,Nassau
Jericho,Nassau
Levittown,Nassau
Massapequa,Nassau
Massapequa Park,Nassau
Mill Neck,Nassau
Oyster Bay,Nassau
Syosset,Nassau
Seaford,Nassau
Syosset,Nassau
Wantagh,Nassau
Woodbury,Nassau
Hicksville,Nassau
Hicksville,Nassau
Plainview,Nassau
Old Bethpage,Nassau
Hicksville,Nassau
Hicksville,Nassau
Jericho,Nassau
New York,New York
New York,New York
New York,New York
New York,New York
New York,New York
New York,New York
New York,New York
New York,New York
New York,New York
New York,New York
New York,New York
New York,New York
New York,New York
New York,New York
New York,New York
New York,New York
New York,New York
New York,New York
New York,New York
New York,New York
New York,New York
New York,New York
New York,New York
New York,New York
New York,New York
New York,New York
New York,New York
New York,New York
New York,New York
New York,New York
New York,New York
New York,New York
New York,New York
New York,New York
New York,New York
New York,New York
New York,New York
New York,New York
New York,New York
New York,New York
New York,New York
New York,New York
New York,New York
New York,New York
New York,New York
New York,New York
New York,New York
New York,New York
New York,New York
New York,New York
New York,New York
New York,New York
New York,New York
New York,New York
New York,New York
New York,New York
New York,New York
New York,New York
New York,New York
New York,New York
New York,New York
New York,New York
New York,New York
New York,New York
New York,New York
New York,New York
New York,New York
New York,New York
New York,New York
New York,New York
New York,New York
New York,New York
New York,New York
New York,New York
New York,New York
New York,New York
New York,New York
New York,New York
New York,New York
New York,New York
New York,New York
New York,New York
New York,New York
New York,New York
New York,New York
New York,New York
New York,New York
New York,New York
New York,New York
New York,New York
New York,New York
New York,New York
New York,New York
New York,New York
New York,New York
New York,New York
New York,New York
New York,New York
New York,New York
New York,New York
New York,New York
New York,New York
New York,New York
New York,New York
New York,New York
New York,New York
New York,New York
New York,New York
New York,New York
New York,New York
New York,New York
New York,New York
New York,New York
New York,New York
New York,New York
New York,New York
New York,New York
New York,New York
New York,New York
New York,New York
New York,New York
New York,New York
New York,New York
New York,New York
New York,New York
New York,New York
New York,New York
New York,New York
New York,New York
New York,New York
New York,New York
New York,New York
New York,New York
New York,New York
New York,New York
New York,New York
New York,New York
New York,New York
New York,New York
New York,New York
New York,New York
New York,New York
New York,New York
New York,New York
New York,New York
New York,New York
Appleton,Niagara
Barker,Niagara
Burt,Niagara
Gasport,Niagara
Lewiston,Niagara
Lockport,Niagara
Lockport,Niagara
Middleport,Niagara
Model City,Niagara
Newfane,Niagara
Niagara University,Niagara
North Tonawanda,Niagara
Olcott,Niagara
Ransomville,Niagara
Sanborn,Niagara
Stella Niagara,Niagara
Wilson,Niagara
Youngstown,Niagara
Niagara Falls,Niagara
Niagara Falls,Niagara
Niagara Falls,Niagara
Niagara Falls,Niagara
Niagara Falls,Niagara
Durhamville,Oneida
North Bay,Oneida
Sylvan Beach,Oneida
Verona Beach,Oneida
Alder Creek,Oneida
Ava,Oneida
Barneveld,Oneida
Blossvale,Oneida
Boonville,Oneida
Bridgewater,Oneida
Camden,Oneida
Cassville,Oneida
Chadwicks,Oneida
Clark Mills,Oneida
Clayville,Oneida
Clinton,Oneida
Deansboro,Oneida
Forestport,Oneida
Franklin Springs,Oneida
Hinckley,Oneida
Holland Patent,Oneida
Knoxboro,Oneida
Lee Center,Oneida
Mc Connellsville,Oneida
Marcy,Oneida
New Hartford,Oneida
New York Mills,Oneida
Oriskany,Oneida
Oriskany Falls,Oneida
Prospect,Oneida
Remsen,Oneida
Rome,Oneida
Rome,Oneida
Rome,Oneida
Rome,Oneida
Sangerfield,Oneida
Sauquoit,Oneida
Sherrill,Oneida
Stittville,Oneida
Taberg,Oneida
Vernon,Oneida
Vernon Center,Oneida
Verona,Oneida
Washington Mills,Oneida
Waterville,Oneida
Westdale,Oneida
Westernville,Oneida
Westmoreland,Oneida
Whitesboro,Oneida
Woodgate,Oneida
Yorkville,Oneida
Utica,Oneida
Utica,Oneida
Utica,Oneida
Utica,Oneida
Utica,Oneida
Utica,Oneida
Apulia Station,Onondaga
Baldwinsville,Onondaga
Brewerton,Onondaga
Bridgeport,Onondaga
Camillus,Onondaga
Cicero,Onondaga
Clay,Onondaga
Delphi Falls,Onondaga
East Syracuse,Onondaga
Elbridge,Onondaga
Fabius,Onondaga
Fayetteville,Onondaga
Jamesville,Onondaga
Jordan,Onondaga
Kirkville,Onondaga
La Fayette,Onondaga
Liverpool,Onondaga
Liverpool,Onondaga
Liverpool,Onondaga
Manlius,Onondaga
Marcellus,Onondaga
Marietta,Onondaga
Memphis,Onondaga
Minoa,Onondaga
Mottville,Onondaga
Nedrow,Onondaga
Plainville,Onondaga
Pompey,Onondaga
Skaneateles,Onondaga
Skaneateles Falls,Onondaga
Tully,Onondaga
Warners,Onondaga
Syracuse,Onondaga
Syracuse,Onondaga
Syracuse,Onondaga
Syracuse,Onondaga
Syracuse,Onondaga
Syracuse,Onondaga
Syracuse,Onondaga
Syracuse,Onondaga
Syracuse,Onondaga
Syracuse,Onondaga
Syracuse,Onondaga
Syracuse,Onondaga
Syracuse,Onondaga
Syracuse,Onondaga
Syracuse,Onondaga
Syracuse,Onondaga
Syracuse,Onondaga
Syracuse,Onondaga
Syracuse,Onondaga
Syracuse,Onondaga
Syracuse,Onondaga
Syracuse,Onondaga
Syracuse,Onondaga
Syracuse,Onondaga
Syracuse,Onondaga
Syracuse,Onondaga
Syracuse,Onondaga
Syracuse,Onondaga
Canandaigua,Ontario
Farmington,Ontario
Clifton Springs,Ontario
East Bloomfield,Ontario
Fishers,Ontario
Geneva,Ontario
Gorham,Ontario
Hall,Ontario
Bloomfield,Ontario
Honeoye,Ontario
Ionia,Ontario
Manchester,Ontario
Naples,Ontario
Oaks Corners,Ontario
Phelps,Ontario
Port Gibson,Ontario
Seneca Castle,Ontario
Shortsville,Ontario
Stanley,Ontario
Victor,Ontario
West Bloomfield,Ontario
Arden,Orange
Bellvale,Orange
Blooming Grove,Orange
Bullville,Orange
Campbell Hall,Orange
Central Valley,Orange
Chester,Orange
Circleville,Orange
Florida,Orange
Fort Montgomery,Orange
Goshen,Orange
Greenwood Lake,Orange
Harriman,Orange
Highland Falls,Orange
Highland Mills,Orange
Howells,Orange
Johnson,Orange
Middletown,Orange
Middletown,Orange
Monroe,Orange
Monroe,Orange
Mountainville,Orange
New Hampton,Orange
New Milford,Orange
Otisville,Orange
Pine Island,Orange
Slate Hill,Orange
Southfields,Orange
Sterling Forest,Orange
Sugar Loaf,Orange
Thompson Ridge,Orange
Tuxedo Park,Orange
Unionville,Orange
Warwick,Orange
Washingtonville,Orange
West Point,Orange
West Point,Orange
Westtown,Orange
Cornwall,Orange
Cornwall On Hudson,Orange
Maybrook,Orange
Montgomery,Orange
Newburgh,Orange
Newburgh,Orange
Newburgh,Orange
New Windsor,Orange
Newburgh,Orange
Pine Bush,Orange
Rock Tavern,Orange
Salisbury Mills,Orange
Vails Gate,Orange
Walden,Orange
Cuddebackville,Orange
Huguenot,Orange
Port Jervis,Orange
Sparrow Bush,Orange
Lyndonville,Orleans
Medina,Orleans
Albion,Orleans
Clarendon,Orleans
Fancher,Orleans
Holley,Orleans
Kendall,Orleans
Kent,Orleans
Knowlesville,Orleans
Morton,Orleans
Waterport,Orleans
Bernhards Bay,Oswego
Central Square,Oswego
Cleveland,Oswego
Constantia,Oswego
Fair Haven,Oswego
Fulton,Oswego
Hannibal,Oswego
Hastings,Oswego
Lacona,Oswego
Lycoming,Oswego
Mallory,Oswego
Maple View,Oswego
Mexico,Oswego
Minetto,Oswego
New Haven,Oswego
Oswego,Oswego
Parish,Oswego
Pennellville,Oswego
Phoenix,Oswego
Pulaski,Oswego
Richland,Oswego
Sandy Creek,Oswego
West Monroe,Oswego
Altmar,Oswego
Orwell,Oswego
Redfield,Oswego
Williamstown,Oswego
East Worcester,Otsego
Maryland,Otsego
Schenevus,Otsego
Worcester,Otsego
Burlington Flats,Otsego
Cherry Valley,Otsego
Cooperstown,Otsego
East Springfield,Otsego
Edmeston,Otsego
Fly Creek,Otsego
Garrattsville,Otsego
Hartwick,Otsego
New Lisbon,Otsego
Richfield Springs,Otsego
Roseboom,Otsego
Schuyler Lake,Otsego
Springfield Center,Otsego
West Burlington,Otsego
West Edmeston,Otsego
Westford,Otsego
Colliersville,Otsego
Gilbertsville,Otsego
Laurens,Otsego
Milford,Otsego
Morris,Otsego
Mount Vision,Otsego
Oneonta,Otsego
Otego,Otsego
Portlandville,Otsego
Unadilla,Otsego
Wells Bridge,Otsego
West Oneonta,Otsego
Brewster,Putnam
Carmel,Putnam
Cold Spring,Putnam
Garrison,Putnam
Lake Peekskill,Putnam
Mahopac,Putnam
Mahopac Falls,Putnam
Putnam Valley,Putnam
Patterson,Putnam
Glen Oaks,Queens
Floral Park,Queens
Long Island City,Queens
Astoria,Queens
Astoria,Queens
Sunnyside,Queens
Astoria,Queens
Astoria,Queens
Long Island City,Queens
Long Island City,Queens
Flushing,Queens
Flushing,Queens
Flushing,Queens
Flushing,Queens
College Point,Queens
Whitestone,Queens
Flushing,Queens
Bayside,Queens
Bayside,Queens
Bayside,Queens
Little Neck,Queens
Little Neck,Queens
Oakland Gardens,Queens
Fresh Meadows,Queens
Fresh Meadows,Queens
Flushing,Queens
Corona,Queens
East Elmhurst,Queens
East Elmhurst,Queens
Flushing,Queens
Jackson Heights,Queens
Elmhurst,Queens
Rego Park,Queens
Forest Hills,Queens
Woodside,Queens
Maspeth,Queens
Middle Village,Queens
Elmhurst,Queens
Flushing,Queens
Ridgewood,Queens
Ridgewood,Queens
Jamaica,Queens
Cambria Heights,Queens
Saint Albans,Queens
Springfield Gardens,Queens
Howard Beach,Queens
Kew Gardens,Queens
Ozone Park,Queens
Ozone Park,Queens
Richmond Hill,Queens
South Richmond Hill,Queens
South Ozone Park,Queens
Woodhaven,Queens
Rosedale,Queens
Hollis,Queens
Jamaica,Queens
Jamaica,Queens
Bellerose,Queens
Queens Village,Queens
Queens Village,Queens
Queens Village,Queens
Jamaica,Queens
Jamaica,Queens
Jamaica,Queens
Jamaica,Queens
Jamaica,Queens
Jamaica,Queens
Jamaica,Queens
Jamaica,Queens
Jamaica,Queens
Jamaica,Queens
Jamaica,Queens
Far Rockaway,Queens
Far Rockaway,Queens
Arverne,Queens
Far Rockaway,Queens
Rockaway Park,Queens
Far Rockaway,Queens
Breezy Point,Queens
Averill Park,Rensselaer
Berlin,Rensselaer
Brainard,Rensselaer
Buskirk,Rensselaer
Castleton On Hudson,Rensselaer
Cherry Plain,Rensselaer
Cropseyville,Rensselaer
East Greenbush,Rensselaer
East Nassau,Rensselaer
East Schodack,Rensselaer
Grafton,Rensselaer
Hoosick,Rensselaer
Hoosick Falls,Rensselaer
Johnsonville,Rensselaer
Melrose,Rensselaer
Nassau,Rensselaer
North Hoosick,Rensselaer
Petersburg,Rensselaer
Poestenkill,Rensselaer
Rensselaer,Rensselaer
Sand Lake,Rensselaer
Schaghticoke,Rensselaer
Schodack Landing,Rensselaer
Stephentown,Rensselaer
Stephentown,Rensselaer
Troy,Rensselaer
Troy,Rensselaer
Troy,Rensselaer
Valley Falls,Rensselaer
West Sand Lake,Rensselaer
Wynantskill,Rensselaer
Staten Island,Richmond
Staten Island,Richmond
Staten Island,Richmond
Staten Island,Richmond
Staten Island,Richmond
Staten Island,Richmond
Staten Island,Richmond
Staten Island,Richmond
Staten Island,Richmond
Staten Island,Richmond
Staten Island,Richmond
Staten Island,Richmond
Staten Island,Richmond
Staten Island,Richmond
Suffern,Rockland
Bear Mountain,Rockland
Blauvelt,Rockland
Congers,Rockland
Garnerville,Rockland
Haverstraw,Rockland
Hillburn,Rockland
Monsey,Rockland
Nanuet,Rockland
New City,Rockland
Nyack,Rockland
Orangeburg,Rockland
Palisades,Rockland
Pearl River,Rockland
Piermont,Rockland
Pomona,Rockland
Sloatsburg,Rockland
Sparkill,Rockland
Spring Valley,Rockland
Stony Point,Rockland
Tallman,Rockland
Tappan,Rockland
Thiells,Rockland
Tomkins Cove,Rockland
Valley Cottage,Rockland
West Haverstraw,Rockland
West Nyack,Rockland
Childwold,St. Lawrence
Cranberry Lake,St. Lawrence
Lawrenceville,St. Lawrence
Nicholville,St. Lawrence
North Lawrence,St. Lawrence
Piercefield,St. Lawrence
Brasher Falls,St. Lawrence
Brier Hill,St. Lawrence
Canton,St. Lawrence
Chase Mills,St. Lawrence
Chippewa Bay,St. Lawrence
Colton,St. Lawrence
De Kalb Junction,St. Lawrence
De Peyster,St. Lawrence
Edwards,St. Lawrence
Fine,St. Lawrence
Gouverneur,St. Lawrence
Hailesboro,St. Lawrence
Hammond,St. Lawrence
Hannawa Falls,St. Lawrence
Helena,St. Lawrence
Hermon,St. Lawrence
Heuvelton,St. Lawrence
Lisbon,St. Lawrence
Madrid,St. Lawrence
Massena,St. Lawrence
Morristown,St. Lawrence
Newton Falls,St. Lawrence
Norfolk,St. Lawrence
Norwood,St. Lawrence
Ogdensburg,St. Lawrence
Oswegatchie,St. Lawrence
Parishville,St. Lawrence
Potsdam,St. Lawrence
Pyrites,St. Lawrence
Raymondville,St. Lawrence
Rensselaer Falls,St. Lawrence
Richville,St. Lawrence
Rooseveltown,St. Lawrence
Russell,St. Lawrence
South Colton,St. Lawrence
Star Lake,St. Lawrence
Waddington,St. Lawrence
Wanakena,St. Lawrence
West Stockholm,St. Lawrence
Winthrop,St. Lawrence
Potsdam,St. Lawrence
Ballston Lake,Saratoga
Ballston Spa,Saratoga
Burnt Hills,Saratoga
Clifton Park,Saratoga
Galway,Saratoga
Mechanicville,Saratoga
Rexford,Saratoga
Round Lake,Saratoga
Stillwater,Saratoga
Waterford,Saratoga
South Glens Falls,Saratoga
Corinth,Saratoga
Gansevoort,Saratoga
Greenfield Center,Saratoga
Hadley,Saratoga
Middle Grove,Saratoga
Porter Corners,Saratoga
Rock City Falls,Saratoga
Saratoga Springs,Saratoga
Schuylerville,Saratoga
Victory Mills,Saratoga
Alplaus,Schenectady
Delanson,Schenectady
Duanesburg,Schenectady
Pattersonville,Schenectady
Quaker Street,Schenectady
Rotterdam Junction,Schenectady
Schenectady,Schenectady
Schenectady,Schenectady
Schenectady,Schenectady
Schenectady,Schenectady
Schenectady,Schenectady
Schenectady,Schenectady
Schenectady,Schenectady
Schenectady,Schenectady
Schenectady,Schenectady
Schenectady,Schenectady
Schenectady,Schenectady
Carlisle,Schoharie
Central Bridge,Schoharie
Charlotteville,Schoharie
Cobleskill,Schoharie
Fultonham,Schoharie
Gallupville,Schoharie
Gilboa,Schoharie
Howes Cave,Schoharie
Jefferson,Schoharie
Middleburgh,Schoharie
North Blenheim,Schoharie
Richmondville,Schoharie
Schoharie,Schoharie
Sloansville,Schoharie
Summit,Schoharie
Warnerville,Schoharie
West Fulton,Schoharie
Sharon Springs,Schoharie
Alpine,Schuyler
Beaver Dams,Schuyler
Burdett,Schuyler
Cayuta,Schuyler
Hector,Schuyler
Mecklenburg,Schuyler
Montour Falls,Schuyler
Odessa,Schuyler
Reading Center,Schuyler
Tyrone,Schuyler
Watkins Glen,Schuyler
Wayne,Schuyler
Fayette,Seneca
Seneca Falls,Seneca
Waterloo,Seneca
Ovid,Seneca
Romulus,Seneca
Willard,Seneca
Interlaken,Seneca
Lodi,Seneca
Perkinsville,Steuben
Wayland,Steuben
Addison,Steuben
Arkport,Steuben
Atlanta,Steuben
Avoca,Steuben
Bath,Steuben
Bradford,Steuben
Cameron,Steuben
Cameron Mills,Steuben
Campbell,Steuben
Canisteo,Steuben
Cohocton,Steuben
Coopers Plains,Steuben
Corning,Steuben
Corning,Steuben
Greenwood,Steuben
Hammondsport,Steuben
Hornell,Steuben
Jasper,Steuben
Kanona,Steuben
Lindley,Steuben
Painted Post,Steuben
Prattsburgh,Steuben
Pulteney,Steuben
Rexville,Steuben
Savona,Steuben
Troupsburg,Steuben
Woodhull,Steuben
Holtsville,Suffolk
Holtsville,Suffolk
Fishers Island,Suffolk
Amityville,Suffolk
Babylon,Suffolk
North Babylon,Suffolk
West Babylon,Suffolk
Bayport,Suffolk
Bay Shore,Suffolk
West Babylon,Suffolk
Bellport,Suffolk
Blue Point,Suffolk
Bohemia,Suffolk
Brentwood,Suffolk
Brightwaters,Suffolk
Brookhaven,Suffolk
Centereach,Suffolk
Centerport,Suffolk
Central Islip,Suffolk
Cold Spring Harbor,Suffolk
Commack,Suffolk
Copiague,Suffolk
Coram,Suffolk
Deer Park,Suffolk
East Islip,Suffolk
East Northport,Suffolk
East Setauket,Suffolk
Farmingville,Suffolk
Great River,Suffolk
Greenlawn,Suffolk
Holbrook,Suffolk
Holtsville,Suffolk
Huntington,Suffolk
Huntington Station,Suffolk
Melville,Suffolk
Islandia,Suffolk
Islip,Suffolk
Islip Terrace,Suffolk
Kings Park,Suffolk
Lake Grove,Suffolk
Lindenhurst,Suffolk
Melville,Suffolk
Medford,Suffolk
Miller Place,Suffolk
Mount Sinai,Suffolk
Nesconset,Suffolk
Northport,Suffolk
Oakdale,Suffolk
Ocean Beach,Suffolk
Patchogue,Suffolk
Melville,Suffolk
Port Jefferson Station,Suffolk
Port Jefferson,Suffolk
Rocky Point,Suffolk
Ronkonkoma,Suffolk
Saint James,Suffolk
Sayville,Suffolk
Selden,Suffolk
Shoreham,Suffolk
Smithtown,Suffolk
Hauppauge,Suffolk
Sound Beach,Suffolk
Stony Brook,Suffolk
Wading River,Suffolk
Stony Brook,Suffolk
West Islip,Suffolk
West Sayville,Suffolk
Wyandanch,Suffolk
Riverhead,Suffolk
Amagansett,Suffolk
Aquebogue,Suffolk
Bridgehampton,Suffolk
Calverton,Suffolk
Center Moriches,Suffolk
Cutchogue,Suffolk
East Hampton,Suffolk
East Marion,Suffolk
East Moriches,Suffolk
Eastport,Suffolk
East Quogue,Suffolk
Greenport,Suffolk
Hampton Bays,Suffolk
Jamesport,Suffolk
Laurel,Suffolk
Manorville,Suffolk
Mastic,Suffolk
Mastic Beach,Suffolk
Mattituck,Suffolk
Middle Island,Suffolk
Montauk,Suffolk
Moriches,Suffolk
New Suffolk,Suffolk
Orient,Suffolk
Peconic,Suffolk
Quogue,Suffolk
Remsenburg,Suffolk
Ridge,Suffolk
Sagaponack,Suffolk
Sag Harbor,Suffolk
Shelter Island,Suffolk
Shelter Island Heights,Suffolk
Shirley,Suffolk
Southampton,Suffolk
Southampton,Suffolk
South Jamesport,Suffolk
Southold,Suffolk
Speonk,Suffolk
Upton,Suffolk
Wainscott,Suffolk
Water Mill,Suffolk
Westhampton,Suffolk
Westhampton Beach,Suffolk
Yaphank,Suffolk
Monticello,Sullivan
Barryville,Sullivan
Bethel,Sullivan
Bloomingburg,Sullivan
Burlingham,Sullivan
Callicoon,Sullivan
Callicoon Center,Sullivan
Claryville,Sullivan
Cochecton,Sullivan
Cochecton Center,Sullivan
Eldred,Sullivan
Fallsburg,Sullivan
Ferndale,Sullivan
Fremont Center,Sullivan
Glen Spey,Sullivan
Glen Wild,Sullivan
Grahamsville,Sullivan
Hankins,Sullivan
Harris,Sullivan
Highland Lake,Sullivan
Hortonville,Sullivan
Hurleyville,Sullivan
Jeffersonville,Sullivan
Kauneonga Lake,Sullivan
Kenoza Lake,Sullivan
Kiamesha Lake,Sullivan
Lake Huntington,Sullivan
Liberty,Sullivan
Livingston Manor,Sullivan
Loch Sheldrake,Sullivan
Long Eddy,Sullivan
Mongaup Valley,Sullivan
Mountain Dale,Sullivan
Narrowsburg,Sullivan
Neversink,Sullivan
North Branch,Sullivan
Obernburg,Sullivan
Parksville,Sullivan
Phillipsport,Sullivan
Pond Eddy,Sullivan
Rock Hill,Sullivan
Roscoe,Sullivan
Forestburgh,Sullivan
Smallwood,Sullivan
South Fallsburg,Sullivan
Summitville,Sullivan
Swan Lake,Sullivan
Thompsonville,Sullivan
Westbrookville,Sullivan
White Lake,Sullivan
White Sulphur Springs,Sullivan
Woodbourne,Sullivan
Woodridge,Sullivan
Wurtsboro,Sullivan
Youngsville,Sullivan
Yulan,Sullivan
Apalachin,Tioga
Barton,Tioga
Berkshire,Tioga
Candor,Tioga
Newark Valley,Tioga
Nichols,Tioga
Owego,Tioga
Richford,Tioga
Smithboro,Tioga
Tioga Center,Tioga
Willseyville,Tioga
Lockwood,Tioga
Spencer,Tioga
Waverly,Tioga
Dryden,Tompkins
Etna,Tompkins
Freeville,Tompkins
Groton,Tompkins
Mc Lean,Tompkins
Brooktondale,Tompkins
Ithaca,Tompkins
Ithaca,Tompkins
Ithaca,Tompkins
Ithaca,Tompkins
Jacksonville,Tompkins
Newfield,Tompkins
Slaterville Springs,Tompkins
Lansing,Tompkins
Trumansburg,Tompkins
Kingston,Ulster
Kingston,Ulster
Accord,Ulster
Bearsville,Ulster
Big Indian,Ulster
Bloomington,Ulster
Boiceville,Ulster
Chichester,Ulster
Connelly,Ulster
Cottekill,Ulster
Cragsmoor,Ulster
Ellenville,Ulster
Esopus,Ulster
Glasco,Ulster
Glenford,Ulster
Greenfield Park,Ulster
High Falls,Ulster
Highmount,Ulster
Hurley,Ulster
Kerhonkson,Ulster
Lake Hill,Ulster
Lake Katrine,Ulster
Malden On Hudson,Ulster
Mount Marion,Ulster
Mount Tremper,Ulster
Napanoch,Ulster
Olivebridge,Ulster
Phoenicia,Ulster
Pine Hill,Ulster
Port Ewen,Ulster
Rifton,Ulster
Rosendale,Ulster
Ruby,Ulster
Saugerties,Ulster
Shandaken,Ulster
Shokan,Ulster
Spring Glen,Ulster
Stone Ridge,Ulster
Tillson,Ulster
Ulster Park,Ulster
Wawarsing,Ulster
West Camp,Ulster
West Hurley,Ulster
West Park,Ulster
West Shokan,Ulster
Willow,Ulster
Woodstock,Ulster
Clintondale,Ulster
Gardiner,Ulster
Highland,Ulster
Marlboro,Ulster
Milton,Ulster
Modena,Ulster
New Paltz,Ulster
Plattekill,Ulster
Walker Valley,Ulster
Wallkill,Ulster
Glens Falls,Warren
Queensbury,Warren
Adirondack,Warren
Athol,Warren
Bakers Mills,Warren
Bolton Landing,Warren
Brant Lake,Warren
Chestertown,Warren
Cleverdale,Warren
Diamond Point,Warren
Hague,Warren
Johnsburg,Warren
Kattskill Bay,Warren
Lake George,Warren
Lake Luzerne,Warren
North Creek,Warren
North River,Warren
Pottersville,Warren
Riparius,Warren
Silver Bay,Warren
Stony Creek,Warren
Warrensburg,Warren
Wevertown,Warren
Eagle Bridge,Washington
Argyle,Washington
Cambridge,Washington
Clemons,Washington
Comstock,Washington
Cossayuna,Washington
Fort Ann,Washington
Fort Edward,Washington
Granville,Washington
Greenwich,Washington
Hampton,Washington
Hartford,Washington
Hudson Falls,Washington
Huletts Landing,Washington
Middle Falls,Washington
Middle Granville,Washington
North Granville,Washington
Putnam Station,Washington
Salem,Washington
Shushan,Washington
Whitehall,Washington
Red Creek,Wayne
Savannah,Wayne
South Butler,Wayne
Alton,Wayne
Clyde,Wayne
East Williamson,Wayne
Lyons,Wayne
Macedon,Wayne
Marion,Wayne
Newark,Wayne
North Rose,Wayne
Ontario,Wayne
Ontario Center,Wayne
Palmyra,Wayne
Pultneyville,Wayne
Rose,Wayne
Sodus,Wayne
Sodus Point,Wayne
Union Hill,Wayne
Walworth,Wayne
Williamson,Wayne
Wolcott,Wayne
Amawalk,Westchester
Ardsley,Westchester
Ardsley On Hudson,Westchester
Armonk,Westchester
Baldwin Place,Westchester
Bedford,Westchester
Bedford Hills,Westchester
Briarcliff Manor,Westchester
Buchanan,Westchester
Chappaqua,Westchester
Crompond,Westchester
Cross River,Westchester
Croton Falls,Westchester
Croton On Hudson,Westchester
Croton On Hudson,Westchester
Dobbs Ferry,Westchester
Elmsford,Westchester
Goldens Bridge,Westchester
Granite Springs,Westchester
Harrison,Westchester
Hartsdale,Westchester
Hawthorne,Westchester
Irvington,Westchester
Jefferson Valley,Westchester
Katonah,Westchester
Larchmont,Westchester
Lincolndale,Westchester
Mamaroneck,Westchester
Maryknoll,Westchester
Millwood,Westchester
Mohegan Lake,Westchester
Montrose,Westchester
Mount Kisco,Westchester
Mount Vernon,Westchester
Mount Vernon,Westchester
Mount Vernon,Westchester
Mount Vernon,Westchester
North Salem,Westchester
Ossining,Westchester
Peekskill,Westchester
Cortlandt Manor,Westchester
Pleasantville,Westchester
Port Chester,Westchester
Pound Ridge,Westchester
Purchase,Westchester
Purdys,Westchester
Rye,Westchester
Scarsdale,Westchester
Shenorock,Westchester
Shrub Oak,Westchester
Somers,Westchester
South Salem,Westchester
Tarrytown,Westchester
Thornwood,Westchester
Valhalla,Westchester
Verplanck,Westchester
Waccabuc,Westchester
Yorktown Heights,Westchester
White Plains,Westchester
White Plains,Westchester
White Plains,Westchester
West Harrison,Westchester
White Plains,Westchester
White Plains,Westchester
White Plains,Westchester
White Plains,Westchester
Yonkers,Westchester
Yonkers,Westchester
Yonkers,Westchester
Yonkers,Westchester
Yonkers,Westchester
Hastings On Hudson,Westchester
Tuckahoe,Westchester
Bronxville,Westchester
Eastchester,Westchester
Yonkers,Westchester
New Rochelle,Westchester
New Rochelle,Westchester
Pelham,Westchester
New Rochelle,Westchester
New Rochelle,Westchester
Arcade,Wyoming
Attica,Wyoming
Bliss,Wyoming
Cowlesville,Wyoming
Dale,Wyoming
Gainesville,Wyoming
Java Center,Wyoming
Java Village,Wyoming
North Java,Wyoming
Pike,Wyoming
Strykersville,Wyoming
Varysburg,Wyoming
Castile,Wyoming
Perry,Wyoming
Portageville,Wyoming
Silver Lake,Wyoming
Silver Springs,Wyoming
Warsaw,Wyoming
Wyoming,Wyoming
Bellona,Yates
Branchport,Yates
Dresden,Yates
Keuka Park,Yates
Middlesex,Yates
Penn Yan,Yates
Rushville,Yates
Dundee,Yates
Himrod,Yates
Lakemont,Yates
Rock Stream,Yates
